{
  "average_coherence": 0.8143327920823484,
  "min_coherence": 0.6850650310516357,
  "max_coherence": 0.9381694197654724,
  "std_coherence": 0.06137186661362648,
  "average_l2_distance": 0.9134406483656651,
  "num_samples": 18884
}