{
  "average_coherence": 0.809174311724869,
  "min_coherence": 0.6645852327346802,
  "max_coherence": 0.9375326633453369,
  "std_coherence": 0.06569736450910568,
  "average_l2_distance": 0.9138678763363812,
  "num_samples": 18884
}