{
  "average_coherence": 0.8157382567186613,
  "min_coherence": 0.6870871782302856,
  "max_coherence": 0.9390212297439575,
  "std_coherence": 0.06099136173725128,
  "average_l2_distance": 0.9129190831571012,
  "num_samples": 18884
}